Column_1,Column_2,Column_3,Categorical_1,Categorical_2,Categorical_3
-792,-125,51,X,Y,Z
-866,-397,723,Y,B,A
192,513,942,X,C,Y
73,984,-620,A,B,A
-225,168,-50,A,B,C
59,990,-185,C,X,C
-484,912,690,Y,A,Z
707,786,-570,A,A,Z
989,527,-988,B,A,Z
509,-522,795,A,B,A
-349,-306,390,B,A,B
863,-718,736,C,X,Z
-255,-463,324,X,X,A
-93,815,-431,Z,Y,C
-495,-227,-548,A,Z,Z
543,-164,-787,C,A,A
-626,-819,-55,Y,C,X
-801,-787,306,B,X,Y
169,-657,409,B,Z,A
-297,-367,-250,Z,Y,Z
362,713,612,Z,A,B
-288,-741,288,A,C,Y
-416,117,506,Y,A,Z
-771,26,-581,B,Z,A
-267,26,-779,A,B,A
-684,-347,-909,Z,X,C
-558,-485,-791,X,C,Z
-983,830,-947,A,Z,A
-32,103,-729,C,X,C
-825,-828,-543,C,Y,A
-696,517,330,B,B,C
-45,753,913,X,Z,Z
-825,792,-670,Z,C,Z
857,311,-928,Y,Z,A
296,-620,-424,C,C,C
-647,-27,224,C,X,Z
-243,-361,666,Y,C,A
891,-800,-971,B,Y,X
621,-784,389,B,Y,C
984,136,675,Y,B,A
-283,152,-344,B,A,Z
720,815,-208,B,B,Z
275,824,916,A,X,X
-966,544,-802,Z,Z,Z
-722,238,-808,X,A,B
758,561,-502,A,X,Z
-778,712,-936,C,A,Y
779,255,507,C,X,B
-898,-398,194,A,Y,Z
247,54,-263,Z,A,A
132,572,-395,C,Y,X
-999,-113,540,X,B,Z
-543,-417,452,X,X,X
-92,740,-437,Y,B,Y
757,953,609,Z,B,A
-882,697,298,A,A,Z
-989,499,-28,C,Y,Y
510,-145,858,C,X,Y
984,-100,490,Y,B,Y
538,249,-748,Y,Y,C
-660,576,956,C,C,C
631,-359,567,Y,X,Y
975,969,-878,A,B,Y
342,512,551,B,Z,X
512,-451,155,Z,C,B
-993,-295,258,B,A,Z
-261,918,-407,A,Z,X
891,880,987,Y,Z,A
412,44,-763,B,X,Y
985,291,-173,X,Z,Y
-632,-356,10,B,X,A
958,147,94,C,X,Z
895,129,483,A,A,X
-836,-197,-679,B,B,X
859,-426,-597,C,Y,B
-375,-93,683,Y,A,B
500,-726,-662,Z,A,X
-660,-162,268,Z,Z,Z
-493,-646,-448,B,Y,X
-421,-77,-635,Y,B,A
594,880,-180,A,Z,X
170,882,-956,Y,A,C
-565,-357,71,Z,Y,Y
463,-411,-154,B,C,B
-555,496,-332,Y,Z,Y
428,294,-418,A,B,X
-736,32,-850,X,Y,B
-33,-445,-90,A,Y,Z
35,-159,-12,Y,Y,X
480,181,-516,X,C,B
763,-291,258,X,Z,Z
816,-765,680,X,Z,B
-914,122,919,C,X,X
-750,213,903,Y,A,B
900,631,-542,Y,Z,Z
-115,-371,335,Y,Z,C
884,-205,524,C,X,X
330,27,40,Y,Y,C
36,547,875,X,C,X
965,-799,178,A,C,C
-612,-650,809,B,X,A
-695,-203,-928,A,A,Z
-325,760,-207,C,A,C
551,-667,-595,Y,B,A
350,-780,145,A,Y,Z
374,-200,304,C,C,Y
544,990,-109,Y,B,A
497,-502,652,B,B,C
-983,939,-371,A,Z,X
927,-682,246,Y,X,C
-637,912,-16,Y,Y,Y
-563,451,-311,Y,X,Z
-234,579,414,Y,B,X
726,417,-965,X,C,Z
-554,335,360,C,Z,X
-329,997,578,C,B,X
-254,-659,587,A,Y,Z
-670,549,742,Y,X,B
128,-792,311,C,Z,C
222,-246,-20,C,Z,Y
325,72,-922,B,C,X
675,-905,-203,Z,Y,A
726,10,489,Z,A,Y
-509,690,-562,X,B,B
-932,58,23,C,Z,X
-372,-62,-313,A,Y,B
814,-4,23,B,Z,A
-188,398,-320,C,C,Y
952,-40,835,Z,Y,Z
628,-896,-234,Z,Z,A
756,649,-834,C,A,C
-903,-12,529,Y,Z,A
420,-643,688,B,A,B
-390,818,-651,Z,B,Z
117,19,540,Z,B,B
479,-937,-906,X,X,B
-999,-458,-803,B,X,A
-35,927,112,A,Y,X
-714,173,20,X,B,X
838,-349,444,C,A,C
184,-176,-254,C,X,Z
740,242,206,Z,Z,Y
879,820,-52,Y,Z,Y
851,294,140,B,B,Z
-157,746,-252,A,Z,C
-429,-192,735,Y,B,B
-388,917,391,Z,A,A
-826,-655,-278,B,Z,C
-334,817,636,X,Z,X
-532,-676,-7,B,C,B
42,-248,-4,A,B,C
-993,890,-783,A,B,X
-406,485,-613,X,Y,Z
55,249,225,A,B,A
-509,145,292,Z,B,Z
-428,-562,-237,Y,Z,Y
-1000,-446,-170,B,Z,C
-153,-189,-559,Y,X,Y
-910,-469,624,X,A,Y
952,-690,155,X,A,Y
772,-706,43,X,C,X
38,913,480,Y,Z,A
538,-375,303,C,C,B
626,-360,-234,C,C,C
-217,951,300,A,B,Y
931,-362,-950,X,Y,X
886,999,334,Z,Y,X
140,510,93,Y,X,X
-753,410,-679,B,X,A
-781,465,-322,Z,B,C
735,-436,-63,X,X,X
87,-951,840,Y,C,X
-542,937,-569,A,C,A
-961,-881,-117,B,Z,X
212,587,974,Z,X,Z
-94,-369,626,X,X,X
71,120,-374,B,C,Z
53,-756,-470,A,X,Y
127,252,608,B,X,B
917,262,-46,B,Y,X
-657,-451,391,B,X,X
704,-812,123,C,C,X
-105,-252,485,X,C,A
213,-114,-294,C,B,X
-801,-502,200,Z,X,B
707,980,84,Z,Y,X
-694,-289,170,A,Z,X
-461,-864,205,B,Z,C
-815,-450,-830,B,Y,Y
-39,-310,-681,A,X,B
285,-820,-954,B,Y,Z
-685,175,340,Z,A,A
102,57,-323,A,Y,Z
898,944,495,B,A,A
678,181,-739,B,X,C
-182,-900,3,Z,C,Z
-672,-810,-191,A,A,C
-973,-284,-870,B,B,C
-795,623,30,C,C,Z
508,640,16,Y,Y,Z
386,-410,203,A,X,X
-748,385,608,A,C,C
555,500,956,A,Z,X
-36,-183,328,Y,A,Y
-512,-764,-87,Z,A,C
488,-505,904,A,A,Z
-168,-588,880,A,A,B
-294,185,889,Z,Y,X
81,-699,80,X,Z,Z
488,593,256,Z,B,Z
-887,-922,740,B,C,B
254,-185,-793,Z,Z,C
-270,90,531,Z,X,X
349,351,-610,Z,Y,B
-337,-610,-751,A,Z,B
-122,329,-98,B,Y,C
-658,-424,-860,A,C,A
-862,446,-81,X,A,X
697,968,-200,A,X,B
214,500,-92,C,Y,X
-962,-777,-974,A,A,C
97,-287,-585,C,C,A
759,-398,-286,B,X,C
535,-55,46,A,B,X
-921,618,-581,Z,X,Z
868,-656,285,X,C,B
-765,114,561,B,A,C
-716,-325,-42,Y,X,Y
575,657,-127,Y,C,X
370,-114,97,A,Z,B
-515,854,510,Y,X,A
615,102,-362,B,B,Y
-852,-232,504,A,Z,B
980,-390,-94,B,A,Y
665,620,271,X,A,Y
-239,517,-647,Y,Y,X
129,-697,21,Y,C,Z
-523,-11,-347,A,X,Z
831,167,592,A,A,X
481,-732,-521,Y,Z,Y
687,206,-486,C,Z,Z
-570,327,219,X,B,B
798,257,832,Y,A,Z
995,353,-914,X,A,A
-145,470,-433,B,C,Y
983,601,-406,B,C,Y
789,-502,918,B,A,X
-70,549,643,Z,C,Y
289,-162,497,C,Z,Z
-331,175,-310,A,A,A
-875,764,620,Z,C,Y
506,-290,332,Z,X,X
627,214,432,A,A,Y
596,296,-519,A,A,Z
367,-569,-30,Y,B,A
672,-733,-631,Y,Y,C
-860,-234,-465,B,X,X
-361,290,90,C,B,X
685,388,913,C,C,Z
-161,904,598,Y,B,Y
-720,66,104,A,Y,X
302,-192,639,C,Z,B
405,558,-765,C,B,X
793,-435,368,Z,B,B
515,183,-134,Z,X,A
871,-55,490,Z,B,C
264,-263,-290,C,A,A
554,-24,-430,Y,C,C
-537,315,398,C,Y,C
115,-419,611,Y,Z,X
716,876,-216,B,Y,X
842,-833,-456,C,A,Z
-642,-343,860,C,Z,Z
982,766,-171,A,A,Y
-413,778,425,Z,Z,X
16,-745,163,A,A,C
-135,376,-569,Z,X,Y
620,387,-434,A,C,B
-580,452,611,X,Z,X
162,-555,-843,C,Z,Z
-796,-758,393,Y,B,Y
324,388,841,X,B,Z
116,-584,-39,B,Y,X
505,508,264,A,C,B
-381,88,-243,Z,Z,Z
-337,-882,-846,Z,C,C
875,57,-95,B,Z,Z
93,-769,-669,B,X,X
958,464,-53,Y,A,X
-852,-268,-443,A,C,Z
599,-18,-955,A,Y,B
-667,185,528,Z,Y,X
740,-28,-747,Z,A,C
-942,62,-583,B,X,X
-378,936,472,Y,A,Y
833,681,794,A,Y,A
772,-304,-776,C,Y,A
387,660,-83,Y,B,Y
-232,-115,136,A,X,B
-425,335,781,A,C,C
163,927,930,C,Z,Y
-967,957,-891,Y,Z,Z
-550,-816,-104,Y,C,C
196,510,575,C,A,C
-780,-922,161,Y,X,B
383,772,-248,B,Y,C
-70,547,275,C,A,X
-148,83,827,B,Y,Y
-242,-660,742,B,C,Z
613,-435,-982,Y,Y,Y
-750,795,-451,A,Y,Z
739,778,45,Y,A,X
-234,486,816,C,Z,Z
-231,-320,618,Z,C,Y
619,35,857,B,C,Z
-50,-352,-72,B,A,X
-200,-205,797,X,A,Y
430,-361,-516,Z,Z,C
496,766,402,C,Z,Z
826,323,476,C,C,Y
-191,857,-824,X,C,Y
443,-80,22,A,Z,X
-492,47,924,X,B,B
824,-162,376,X,C,B
768,-405,453,Z,B,C
448,-600,-616,C,B,Z
401,460,937,X,Z,C
-640,-404,-970,A,C,C
-671,-539,-173,A,Z,X
52,733,-989,B,Y,A
566,561,-861,B,Z,Z
186,420,-393,X,Y,Y
930,-994,-786,A,Y,X
492,613,-891,Z,Z,Y
-714,559,-539,Z,Z,C
380,81,475,B,Z,B
555,142,686,B,Y,Z
741,-164,591,A,Z,Y
-110,407,207,Y,B,X
415,135,87,Y,X,B
-371,-707,445,Z,A,B
-155,-98,87,C,Y,Y
-273,405,-775,X,C,C
-735,368,-695,A,A,Z
586,-846,-744,B,C,C
-743,867,-520,Z,Z,Y
-45,476,-886,Z,B,B
367,745,-247,Z,A,X
-865,997,-167,Y,Z,X
-11,453,-417,Y,B,Z
-911,-514,-13,C,B,Z
258,-338,47,X,X,B
932,550,592,C,A,B
246,-17,608,A,X,Z
-533,811,60,X,Z,A
553,-871,711,B,Y,A
-634,69,-292,Z,C,B
-15,738,-883,C,B,X
635,207,155,X,Y,Z
-56,798,840,X,Y,Y
-30,-947,157,B,A,A
901,139,-265,Y,B,B
904,-272,590,C,X,Z
-892,911,318,X,Z,Z
-864,445,-691,X,B,C
-655,378,-659,A,Z,C
-263,-357,-183,Y,Z,X
-765,-677,-38,X,A,B
-605,549,-46,C,Y,A
448,-684,505,B,Y,A
789,858,878,B,Z,Y
-939,-304,956,X,B,B
456,535,-747,A,Y,Y
730,-570,177,B,Z,X
-44,-968,329,Y,A,A
499,544,-478,A,X,A
-854,169,-458,Y,X,C
-842,201,139,C,Y,B
576,160,-65,X,A,Z
423,-206,-150,B,B,Z
-846,205,942,C,B,C
626,725,502,Z,B,Y
222,-27,-198,Y,A,C
356,133,-139,B,B,A
157,-198,-310,A,Y,Z
67,244,-501,B,C,B
519,-602,-570,A,B,Y
-670,-38,-422,Z,C,Y
268,-417,-575,Z,X,Z
513,668,-747,C,B,B
-739,-336,-963,Y,C,Z
-686,978,177,X,Y,Y
755,-554,660,X,C,X
738,-240,928,Z,X,A
-186,-979,-777,X,B,C
-759,854,-985,A,B,A
866,-603,94,X,A,A
-226,202,884,A,A,C
-968,22,-377,Z,C,C
-727,-728,-40,B,Y,C
629,288,-824,A,X,A
-227,-137,-785,B,Z,B
917,861,-162,A,X,X
606,-203,415,Z,Y,X
-135,56,520,X,Y,B
-663,-890,-656,C,Z,Z
938,171,-382,X,Z,Z
-373,-889,106,Y,C,Y
500,118,720,C,X,A
-555,-103,-513,B,X,Y
-813,11,-804,X,A,X
816,782,280,Z,C,Z
-603,-410,420,C,C,Z
-432,421,-542,Y,X,Z
-509,271,-999,B,X,B
372,31,-565,A,X,A
-951,801,-247,C,C,C
-98,634,416,Z,C,A
-160,628,530,X,A,Y
106,968,-221,B,A,C
-691,831,-463,B,C,Z
12,-797,14,Y,Z,A
-450,462,-239,C,Y,Y
219,452,974,B,X,C
-252,-1000,381,Y,Y,A
-661,339,-122,X,Z,Z
827,-298,289,X,X,X
882,-606,-628,Y,X,B
32,-665,-492,X,A,B
-642,191,-953,Z,Y,X
-967,795,-152,A,B,B
939,675,236,C,C,C
236,-729,-451,X,C,B
260,641,-382,Y,X,X
443,-646,-50,X,B,Y
137,-444,443,A,Y,Z
-917,300,76,Y,Y,B
-894,-442,97,B,Y,C
353,-989,713,C,B,Y
-150,-471,440,B,Y,C
645,895,225,Y,C,Y
879,-97,727,X,Z,C
-970,-685,-325,A,X,A
-686,-77,335,B,A,X
-994,501,582,Y,B,Y
380,362,2,B,X,C
981,792,94,X,Z,Z
-867,164,-822,C,Z,B
-190,-915,895,Z,X,C
379,-666,266,X,C,Z
944,-279,-211,C,X,X
527,-462,619,A,Z,Y
-539,540,467,A,B,A
-421,-970,940,B,Y,A
553,-310,557,Z,Y,Z
-161,-792,117,Z,Z,A
-789,674,155,B,X,Z
-250,-919,-827,X,C,Y
-799,-365,161,B,X,C
371,514,-765,B,A,B
-278,-638,900,Y,X,X
581,-786,-215,A,B,B
82,791,512,C,B,X
841,197,-266,A,Z,Z
282,-778,-211,X,X,B
821,-886,-319,A,X,Y
631,973,-135,X,Z,A
-954,-209,305,B,X,Y
833,-695,-510,C,X,Z
538,474,116,B,X,B
493,-740,-136,A,B,A
387,-922,316,A,Y,C
539,-988,514,Y,C,A
720,844,686,A,Y,A
375,-522,776,C,C,Z
-453,417,796,B,A,X
815,190,970,X,B,C
945,-569,342,Z,A,Z
-735,-362,30,Z,X,A
-181,-142,-539,Y,B,C
-448,142,-978,C,Y,A
958,-690,724,B,X,Z
643,-696,943,A,B,A
444,983,855,Z,B,Y
382,780,-411,B,B,C
707,122,601,Z,B,X
-972,-831,-723,A,X,X
1,-805,-419,Z,C,Z
391,930,577,X,A,Z
76,121,-179,Y,A,Z
15,-839,412,Z,A,A
-475,-486,249,B,C,Y
447,603,-625,Y,A,X
966,730,-77,Y,C,A
-377,-812,350,Y,C,Y
950,439,191,B,C,Y
-996,891,-91,C,Y,X
-375,-760,868,B,C,B
827,97,896,A,X,Y
125,486,190,C,X,Y
849,453,242,Y,X,C
761,-615,618,A,Z,C
-682,860,702,A,B,A
445,-275,-468,B,C,A
815,913,-20,Z,X,C
690,-889,-628,X,A,Z
-927,-91,-431,X,C,Y
-377,-439,116,Y,X,A
420,-150,-389,A,Z,C
854,-824,-834,Z,C,C
-474,386,-808,A,X,Y
-443,-181,-349,C,Z,X
-609,-498,680,A,Y,Y
-368,99,-788,Y,Y,A
-610,813,123,A,C,C
-13,-276,325,Y,C,B
-456,-633,-289,X,B,B
588,-173,497,B,C,Y
-405,-659,-9,Y,Y,Z
-577,411,573,C,B,C
-49,-797,16,Y,C,A
-986,-883,-684,A,Z,Z
632,73,-805,X,Z,A
169,136,371,Z,X,B
-965,279,894,C,A,X
651,135,-691,Y,B,B
930,618,335,Y,X,Y
795,-956,322,X,A,A
-658,709,-572,X,Z,C
518,-575,-246,C,C,C
162,-940,-985,X,Y,X
-748,320,-561,Y,A,Z
64,-945,-981,C,X,Y
92,-991,-645,B,B,C
967,-531,-187,Z,Z,Y
426,376,69,A,B,Z
355,-10,-721,Y,Z,A
485,-756,764,B,X,C
-560,-261,-921,Z,C,C
-339,377,-64,B,Y,A
-125,-842,-815,Y,C,Y
-771,-122,-767,A,C,X
772,113,248,B,C,Z
-215,-545,334,C,X,C
703,-434,704,A,Y,A
567,812,19,X,Z,X
-100,713,-615,C,C,B
-743,-245,6,C,Y,B
-780,778,315,C,Y,Z
-356,-817,-814,B,Y,X
-976,247,488,Z,Z,X
-295,-866,-541,B,Y,A
231,704,-690,A,X,Z
298,194,869,C,Z,Y
361,-236,-69,C,B,X
695,859,-592,C,A,B
-692,-373,525,Z,C,Z
-888,646,-692,Y,X,B
150,-870,-641,Z,X,C
681,428,-710,A,X,C
-638,-962,-630,Z,Y,C
781,-922,-52,Y,Z,B
-38,14,-459,X,X,A
770,99,165,B,Y,Z
802,296,-921,Y,Z,C
119,524,632,B,Z,X
151,585,-950,Z,C,Z
36,381,728,C,B,Y
640,-79,-30,B,X,B
409,450,394,C,C,C
-290,993,-730,C,X,A
-285,128,385,X,Y,B
863,-172,-124,Z,B,C
-599,681,705,X,C,Z
744,-734,339,B,Y,A
41,284,886,C,B,Z
255,580,900,C,B,A
261,-995,837,A,X,B
-742,869,302,X,C,B
47,-605,-606,A,Z,B
707,111,198,B,C,B
-64,23,-767,Z,B,B
605,-815,826,X,Z,Y
-261,-436,-815,Z,Y,A
-667,-799,494,B,C,C
833,677,808,X,C,A
-399,-420,262,X,A,A
-355,-387,-684,Y,Z,Y
943,-560,-297,X,B,Z
482,523,-911,X,X,C
611,180,-517,A,C,B
-168,-770,-719,C,B,Z
-248,-367,-575,Y,Y,A
445,-768,-140,Z,Z,X
-890,-325,66,C,X,Z
952,-805,620,X,B,X
376,-4,-779,A,C,C
245,-596,-762,Y,B,Y
723,623,-550,A,Z,C
-756,715,957,A,A,B
826,100,-326,C,C,B
-574,-808,643,X,X,B
49,445,563,A,B,Y
559,155,387,Z,Y,B
-94,933,-350,Y,C,Y
381,173,997,C,Y,C
52,-263,435,B,Y,X
-135,-116,389,X,B,Z
560,134,-767,A,Y,Z
-36,-431,-185,B,B,Y
-797,62,-977,B,X,C
-689,-164,-307,Z,Z,A
26,24,153,Z,A,A
554,697,275,X,X,C
330,385,-453,C,X,Y
814,162,244,A,Z,X
-116,-928,491,Z,B,X
398,838,-273,B,Z,Y
-288,674,643,A,Y,Y
-140,328,261,X,A,C
296,-119,-635,B,Z,Y
-321,-805,-658,B,A,A
755,402,832,A,B,Y
-147,110,-347,C,B,B
363,998,-196,Z,Y,Z
103,311,605,X,C,Y
634,-366,-797,A,C,Z
333,123,696,A,X,B
-382,750,568,Y,C,X
-242,401,-380,A,B,C
-958,-528,171,A,X,X
460,239,-196,Z,Y,Z
-261,-461,484,Z,Y,Y
-977,968,717,X,A,C
477,88,834,B,X,X
-700,590,92,A,X,C
933,962,304,Y,Y,B
93,704,343,X,X,Z
353,-532,527,Y,X,B
-999,-339,442,A,Y,B
817,-514,-398,X,A,B
-558,-882,-31,A,B,Y
-877,-750,395,Z,Y,C
386,-148,-569,B,X,X
6,-588,66,A,B,Y
206,-928,-225,X,C,C
-812,455,-892,X,X,Y
855,-180,-875,Z,B,Y
-238,526,-658,X,B,A
-946,860,251,Y,C,Z
-138,-887,-395,C,A,Z
646,995,-491,Z,X,X
-701,-605,659,A,C,B
600,930,-46,Z,B,A
732,-12,-280,X,A,B
-420,705,408,Y,A,Y
-998,268,151,C,B,Z
-869,-676,-176,X,Y,B
-70,95,508,X,B,B
-96,-569,-433,B,Y,Z
-538,279,95,B,C,Z
321,-986,397,Y,Z,Y
480,-981,641,Z,B,B
-887,-95,431,Z,X,X
856,105,472,X,C,Y
-490,238,447,Y,C,Y
-625,137,39,C,X,C
-876,936,-15,B,Z,A
-682,-133,-629,Y,Y,X
-587,-695,885,C,C,B
750,-309,868,X,X,B
465,-825,772,C,Y,A
268,933,-187,B,A,Y
-130,-271,784,C,C,C
178,447,-665,X,C,Z
180,-93,378,C,B,A
393,-547,353,C,C,C
473,328,-748,B,A,Z
830,-370,156,B,C,X
557,-455,772,Z,B,B
-276,-289,-818,A,B,B
799,-599,-84,A,C,A
-111,67,334,B,X,Z
-710,-413,-437,Y,Y,C
496,525,536,A,Z,B
-529,-839,304,C,C,Y
635,18,-921,C,X,Y
-125,783,939,Y,Z,Y
36,-950,468,Y,Z,X
-607,977,420,C,B,X
694,-29,-927,Z,A,Y
876,332,-815,Y,A,Z
-584,-633,-497,Y,C,C
20,-260,-113,Y,A,X
-14,93,-112,B,Z,B
-170,-498,-49,Y,B,Y
6,883,-641,A,B,A
28,-549,-729,A,B,Y
97,-929,-725,Z,C,A
662,-428,-696,B,Y,A
-118,-459,-113,B,X,Y
109,542,535,Y,Y,A
-482,-507,495,X,C,A
-733,-731,-568,C,A,B
-988,-175,535,C,X,A
-603,-330,844,C,A,A
128,716,-161,A,C,Z
778,446,204,C,B,Y
883,-233,895,Y,Y,X
823,-353,-721,C,Z,Y
357,285,-372,B,X,X
-279,-120,-722,Y,C,X
546,810,122,Y,Z,B
894,354,980,B,Y,C
577,-172,676,Z,B,Z
530,429,298,X,C,Z
-245,-359,-813,Y,A,Z
-947,140,-212,A,A,X
985,-237,351,Y,B,B
382,383,165,A,Y,C
419,-750,-394,Y,Y,X
749,-954,-935,Z,A,Y
458,161,369,Y,B,Z
-500,-425,-422,Y,Y,X
691,-627,977,Z,Y,Y
49,12,-947,Z,Y,Z
368,-496,284,A,Y,X
894,-26,-152,C,Y,X
-12,-128,-513,A,Y,A
-81,136,-954,C,X,Z
984,-911,554,X,Z,C
710,-706,-473,A,A,X
412,798,-76,Z,B,Z
-414,618,844,Y,Z,Z
208,-229,-318,Y,X,A
-763,-94,-458,C,C,Z
-79,63,760,A,A,Z
829,345,968,Z,Y,A
-419,798,375,C,Z,Z
-689,115,-701,A,A,Y
-285,774,-117,C,X,B
-301,-972,818,Y,X,A
62,238,-830,A,B,X
-82,222,710,A,A,Y
-699,609,311,B,X,A
471,-299,145,A,B,Z
-358,-263,-81,Y,B,Y
-227,956,923,C,B,X
-754,399,791,Z,Y,B
-728,-162,859,A,Y,C
-768,216,467,Z,C,X
-78,-373,69,C,B,A
-844,-817,169,X,X,X
985,617,-894,X,X,A
3,-304,-114,Z,Z,Z
999,182,-841,Y,Y,Y
832,222,415,B,B,X
531,612,-568,C,C,X
-377,290,-41,B,A,Y
571,-70,300,X,Z,B
-971,624,-318,C,Z,B
626,-380,-194,Z,B,C
-990,667,-919,Y,Z,Y
744,912,990,X,C,Y
983,94,-684,B,X,X
558,-355,-321,A,B,C
-496,-300,-682,C,A,Z
-970,-146,-344,C,Z,Z
-621,-823,-774,C,Z,X
-956,-836,647,A,A,C
255,119,47,Z,B,A
923,-893,160,C,C,X
-583,345,145,Y,Z,A
906,536,679,C,A,Y
571,-577,913,Z,Y,C
-789,370,-536,A,Z,A
-612,235,-930,Z,C,X
263,858,-925,A,C,Y
-530,-773,977,X,B,C
129,-333,-630,X,Y,C
351,-940,423,X,Z,Z
-532,301,341,C,B,X
-60,-368,-645,A,Z,Z
603,341,604,Y,C,B
-989,634,-161,Z,B,A
207,32,-806,C,Z,C
308,702,605,C,Y,Z
-104,-872,62,X,C,C
-117,-633,-734,C,Z,Y
-552,726,-245,A,Z,Y
209,387,-648,Y,A,Z
96,-550,-202,C,B,Y
-822,482,-453,Y,A,B
-797,-697,-856,X,X,A
-722,-223,-259,B,Y,C
383,-829,-102,B,Y,X
35,621,-687,B,X,Z
-449,-942,-993,X,Z,C
81,880,-18,C,Z,B
480,701,674,X,B,X
511,-245,-805,Z,X,C
-684,28,103,B,Z,Z
56,-317,-111,X,A,B
10,-279,951,X,Y,B
592,76,902,Z,C,Y
-787,-816,35,X,C,Z
805,-648,818,Y,B,C
-137,-611,-915,A,X,C
-684,-270,-693,B,B,A
-827,-20,-725,X,C,Y
-642,-394,-253,C,X,Z
-226,-682,423,Z,B,C
-477,707,885,B,A,Y
-332,242,172,Z,X,X
900,498,-104,Z,A,C
581,685,826,Y,Z,A
520,-506,577,Z,A,C
839,-309,306,A,X,B
-528,-188,138,B,X,Z
481,-73,21,B,C,Y
911,799,406,A,X,A
-864,-90,421,B,Z,X
-570,597,636,A,Z,A
-187,494,907,C,C,Z
636,-257,131,B,A,X
-790,134,-604,C,Y,B
861,162,490,C,B,C
-84,-112,249,B,C,Y
-81,-939,-648,A,A,C
909,739,-773,Y,B,B
-955,322,-300,A,Y,B
-160,-585,28,Y,B,B
-155,436,934,B,C,B
604,-147,-132,X,A,A
-660,363,473,X,Z,A
-693,-914,-167,B,Z,C
-901,-12,275,A,C,Z
193,-133,587,Z,Y,C
101,766,-640,Z,B,B
-899,296,449,A,A,B
226,812,917,Z,B,A
-802,226,-995,B,X,A
746,-717,802,C,Y,Y
-792,462,-531,X,Y,C
-879,423,-175,Y,Y,B
778,-28,233,Y,C,X
-396,-957,824,C,Y,B
-597,-996,643,B,Y,B
706,372,-922,Y,C,Z
42,291,828,X,C,Z
-57,-302,248,B,C,B
-306,297,967,X,C,B
-232,417,-203,B,Y,X
371,-795,298,A,C,B
-510,493,971,A,B,Y
257,850,348,C,A,Z
-295,654,-144,C,A,Y
-34,688,-360,Y,Z,X
737,139,700,Y,B,C
880,-490,-720,A,Y,Y
60,-267,-212,X,A,Y
616,329,252,C,Z,C
-771,-986,726,B,Z,C
403,582,-517,A,Z,X
-251,-97,-679,Y,B,B
-72,586,567,Z,X,Z
-647,306,451,Z,B,B
987,-624,85,A,B,Y
-274,-608,36,Z,Y,C
852,-396,404,Z,Y,Y
208,109,-517,X,Y,B
547,429,-217,B,Z,Z
793,-184,271,A,A,B
734,360,-874,X,C,C
349,412,-69,A,A,B
-223,964,-79,B,Y,Y
387,-77,753,Z,Y,Z
328,-748,-291,C,Y,A
-294,431,-95,X,Y,C
-378,-995,-73,C,Y,Y
-822,142,810,Z,C,C
678,-640,981,X,X,X
-355,129,824,Y,X,Y
708,-762,-177,Y,Z,A
173,856,29,Y,A,X
-92,772,-555,B,X,X
248,-223,-826,C,Y,Z
-326,590,263,X,A,Z
-830,-459,-406,A,C,B
297,6,808,A,A,B
798,-420,-576,A,A,B
-63,-121,-933,X,B,Z
109,-737,850,C,A,Z
-183,37,892,A,Z,Z
-80,131,-10,Y,Y,A
428,-617,-374,B,X,Y
-46,666,-115,Y,C,A
-445,486,-827,X,Y,C
-241,-240,-159,B,Z,Z
-668,933,-437,C,Y,Z
480,504,-748,A,Y,Y
27,-313,-772,X,C,X
-681,973,-387,C,C,A
667,628,756,Z,Z,A
430,802,-963,Y,B,X
-502,123,548,A,B,Z
-950,-15,-382,Z,A,Z
-200,842,828,A,X,Y
131,-560,735,B,Z,X
-993,-613,-723,C,B,Y
-905,236,821,Y,C,X
979,309,-5,X,Y,X
62,-637,110,A,X,Y
844,-948,228,Y,C,A
941,47,-213,C,C,C
-161,-654,-589,Y,B,X
42,-77,-144,C,A,Z
656,-161,-518,C,A,C
-49,620,-634,X,C,C
-546,80,963,B,Y,B
489,245,-871,B,B,B
-187,105,399,Y,X,C
-342,-862,-994,A,A,C
-682,-607,-219,Y,C,X
766,-538,899,Z,C,A
526,334,924,Y,B,A
-848,253,-788,A,X,Y
221,240,-635,C,Z,C
268,451,-83,A,X,A
729,-403,886,Z,B,Y
-59,43,651,X,X,A
-300,84,-278,Z,Z,Z
444,512,-757,B,X,X
-731,652,-640,Y,X,Z
976,847,444,Y,Z,Y
730,807,808,C,A,A
539,-698,-804,Y,X,A
120,450,-168,X,A,X
-796,-161,-106,B,Y,C
-289,406,-624,B,C,Y
-562,-934,420,Z,A,A
-190,563,785,A,X,A
731,-192,-491,B,B,Z
513,731,878,Y,A,Y
-839,671,-514,C,X,B
472,275,-474,Y,Y,B
-593,-50,771,A,B,C
704,-173,-688,C,A,X
-505,210,-283,Y,C,C
934,-88,-469,A,X,Y
-498,798,-289,A,Y,Z
285,206,-773,B,Z,X
998,-172,509,Z,Z,B
85,-934,-746,C,X,A
806,972,3,A,C,X
655,-484,-467,X,C,Y
470,-483,-867,Y,C,Z
212,109,-430,B,C,B
383,712,15,Y,C,B
-236,-158,-23,B,Z,Z
-90,-86,448,C,Y,B
886,336,-468,X,Y,B
-511,380,440,B,C,X
-515,-901,853,Y,B,B
-19,800,724,B,Z,Y
628,834,-213,B,B,Z
90,-902,-494,B,B,B
583,-889,-922,Y,Y,C
96,-200,-110,Z,X,Z
-320,986,-749,A,Z,Y
438,-223,-866,Y,Y,Z
-129,431,-73,C,B,Y
593,136,-395,Z,A,A
-620,-304,929,C,A,A
84,-846,-735,C,Y,Y
784,937,-331,A,Z,B
-394,509,-88,B,X,C
492,740,-567,X,A,A
619,-968,-798,B,Y,C
-80,430,229,A,Y,A
-802,-568,-395,A,B,Z
-754,-289,-943,C,X,B
353,130,-246,C,Y,A
196,450,-642,B,B,B
-956,695,247,Z,C,B
-957,-408,-524,C,Y,B
-309,-554,741,Y,C,A
892,490,-402,A,Z,X
105,476,77,C,C,C
-136,-729,476,C,B,A
-453,-352,773,C,A,A
184,655,-330,A,B,X
-397,416,-331,A,Y,A
446,-589,721,X,X,C
679,-81,448,X,A,Y
-750,397,-833,B,C,Y
-508,917,-443,Y,A,C
213,-781,692,X,B,C
628,-926,-316,X,Z,X
59,-692,-24,C,Z,B
